t,p_norm_mean,p_norm_std,R_grad_mean,R_grad_std,U_grad_mean,vf_ratio_mean,vf_ratio_std,ell_mean,Qbar_mean,Qstd_mean,var_R_grad
0.000,0.0101695,0.0226783,0.731668,0.158246,0.268332,0.995745,0.0246968,0.0745739,-104.811,2.84571,0.0250417
0.100,0.0502421,0.113989,0.69149,0.15633,0.30851,1.0081,0.0415845,0.582094,-106.167,3.72421,0.024439
0.200,0.150477,0.358299,0.752544,0.145954,0.247456,1.00724,0.0309521,1.00633,-104.972,3.52446,0.0213026
0.300,0.330774,0.782173,0.731233,0.163388,0.268767,1.00375,0.0299776,2.8324,-103.54,2.93834,0.0266956
0.400,0.687375,1.73356,0.731415,0.148177,0.268585,0.997211,0.0316245,8.16773,-102.806,3.03272,0.0219564
0.500,1.14031,2.66361,0.743593,0.148907,0.256407,1.0057,0.0331757,15.718,-103.042,2.74285,0.0221734
0.600,1.81763,3.99108,0.787422,0.132044,0.212578,1.00696,0.0303285,25.2512,-100.862,2.71698,0.0174355
0.700,3.22509,6.50648,0.792494,0.147832,0.207506,1.0104,0.0467848,47.753,-100.106,2.14307,0.0218542
0.800,5.64173,7.54642,0.795231,0.127813,0.204769,1.01559,0.0462811,54.9482,-97.9598,1.84213,0.0163362
0.900,7.77412,8.64397,0.787395,0.124873,0.212605,1.02733,0.0727604,23.5851,-96.2157,1.54203,0.0155933
